Model,Test Recall,Train Recall,Test F1,Train F1,Test Roc Auc,Train Roc Auc
Logistic Regression,0.482972956428631,0.48297276890670926,0.5840920003109247,0.584128412435529,0.7000070579232742,0.7004893279551108
Tuned Logistic Regression,0.482972956428631,0.48297276890670926,0.5840920003109247,0.584128412435529,0.6666248876004517,0.6666247742988304
Decision Tree,0.48477571066017866,0.49406556623466563,0.5817091863415499,0.5926029573871076,0.691312130239227,0.71473646343174
Tuned Decision Tree,0.4919870788146147,0.49283864133498356,0.588266443964226,0.5894840383016519,0.6960174073147213,0.7077249445324766
Random Forest,0.4883815201760557,0.49679494200609786,0.5837595614112912,0.5939334642742236,0.6911920545981787,0.7144707937050323
Tuned Random Forest,0.49308868111786913,0.4962691595926505,0.5882855612954256,0.5920492920264607,0.6944094441385552,0.7112073459685058
Random Forest (New Features),0.7662257915932014,0.829126637245213,0.7758263900512927,0.8415273308224969,0.8711623463402406,0.9379349861036754
Tuned Random Forest (New Features),0.7662257915932014,0.8293269690437747,0.7757856240444816,0.8415483495965859,0.8711530168468015,0.9379456981397081
