Category,Percentage Vaccinated
Young (18-34 Y.O.),28.456375838926174
Old (65+ Y.O.),67.3681134005553
