Model,Test Recall,Train Recall,Test F1,Train F1,Test Roc Auc,Train Roc Auc
Logistic Regression,0.482972956428631,0.48297276890670926,0.5840920003109247,0.584128412435529,0.7000070579232742,0.7004893279551108
Tuned Logistic Regression,0.482972956428631,0.48297276890670926,0.5840920003109247,0.584128412435529,0.6666248876004517,0.6666247742988304
Decision Tree,0.48477571066017866,0.49406556623466563,0.5817091863415499,0.5926029573871076,0.691312130239227,0.71473646343174
Tuned Decision Tree,0.4939900331459112,0.49509231607521464,0.5889753603301143,0.5907666608921215,0.6952460729092017,0.7086206441259453
Random Forest,0.4883815201760557,0.49679494200609786,0.5837595614112912,0.5939334642742236,0.6911920545981787,0.7144707937050323
Tuned Random Forest,0.4933891819693468,0.49649449446487254,0.5882164872819391,0.5921965502162955,0.6942741798769083,0.7116737475991337
Random Forest (New Features),0.7385818708021953,0.8284504414064442,0.7468887027048321,0.8379226719264009,0.8436568902899582,0.9368926334033558
Tuned Random Forest (New Features),0.741586427737799,0.7787209046949666,0.7508626084528329,0.7888423041176196,0.8470362984760896,0.8892137002022084
