Category,Percentage
Vaccinated,46.56082674954132
Not Vaccinated,53.43917325045868
